"Rank","Player","Team","Positions","Yahoo","CBS","RTS","NFBC","FT","ESPN","AVG"
"1","Shohei Ohtani","LAD","SP,DH","","1","1","1","1","1","1.0"
"2","Aaron Judge","NYY","LF,CF,RF,DH","1","2","2","2","2","2","2.0"
"3","Shohei Ohtani (Batter)","LAD","DH","2","","","","","","2.0"
"4","Bobby Witt Jr.","KC","SS","3","3","4","3","4","7","3.4"
"5","Juan Soto","NYM","LF,RF","4","4","3","4","3","3","3.6"
"6","Jose Ramirez","CLE","3B,DH","7","5","5","5","5","6","5.2"
"8","Ronald Acuna Jr.","ATL","RF","9","6","6","7","7","9","7.0"
"11","Julio Rodriguez","SEA","CF","10","9","10","9","10","21","9.6"
"12","Kyle Tucker","LAD","RF,DH","11","10","13","15","13","11","11.6"
"14","Fernando Tatis Jr.","SD","RF","18","12","14","13","15","13","13.4"
"17","Corbin Carroll","ARI","CF,RF","19","17","11","10","16","16","15.8"
"19","Vladimir Guerrero Jr.","TOR","1B,DH","17","18","18","18","20","15","18.2"
"21","Kyle Schwarber","PHI","LF,DH","16","21","21","23","14","18","19.8"
"24","Francisco Lindor","NYM","SS","25","24","20","21","32","26","23.2"
"25","Pete Alonso","BAL","1B","21","27","26","24","24","48","24.4"
"26","Yoshinobu Yamamoto","LAD","SP","24","26","25","26","23","12","24.8"
"28","Trea Turner","PHI","SS","28","23","29","25","30","69","27.0"
"30","Manny Machado","SD","3B","29","30","32","32","27","24","30.0"
"33","Yordan Alvarez","HOU","LF,DH","35","29","28","33","33","32","32.4"
"37","Matt Olson","ATL","1B","32","37","37","45","31","52","36.4"
"39","Logan Gilbert","SEA","SP","41","38","39","37","42","19","39.4"
"41","Rafael Devers","SF","1B,DH","42","35","40","52","35","77","40.8"
"44","Edwin Diaz","LAD","RP","51","52","46","35","83","37","44.2"
"45","Max Fried","NYY","SP","44","43","38","56","46","27","45.4"
"46","Mookie Betts","LAD","SS","38","42","51","50","47","36","45.6"
"49","Logan Webb","SF","SP","43","50","41","58","45","22","47.4"
"50","Cole Ragans","KC","SP","50","49","52","53","49","46","50.6"
"51","Jacob deGrom","TEX","SP","54","53","47","49","51","42","50.8"
"52","Freddie Freeman","LAD","1B","48","45","50","61","50","70","50.8"
"54","William Contreras","MIL","C,DH","58","61","55","47","57","31","55.6"
"57","Freddy Peralta","NYM","SP","59","64","49","59","52","34","56.6"
"58","Austin Riley","ATL","3B","62","57","54","66","53","65","60.8"
"59","Jhoan Duran","PHI","RP","71","69","66","43","91","59","61.6"
"60","Jarren Duran","BOS","LF,CF","46","70","64","68","56","50","61.6"
"64","Cade Smith","CLE","RP","74","76","67","44","94","56","63.4"
"65","Ben Rice","NYY","C,1B,DH","75","58","62","48","71","57","64.6"
"66","Hunter Greene","CIN","SP","49","60","53","62","329","100","64.8"
"74","George Springer","TOR","LF,CF,RF,DH","86","73","65","91","78","66","73.6"
"75","Hunter Goodman","COL","C,DH","78","68","75","63","85","118","73.8"
"77","Jesus Luzardo","PHI","SP","82","77","77","81","60","43","75.4"
"78","Framber Valdez","DET","SP","72","78","72","88","70","38","76.0"
"83","Randy Arozarena","SEA","LF,CF","73","87","82","85","48","95","84.4"
"85","David Bednar","NYY","RP","96","90","90","64","129","88","85.6"
"86","Corey Seager","TEX","SS","67","71","91","92","81","94","85.8"
"87","Oneil Cruz","PIT","CF","83","86","96","93","72","137","86.0"
"88","Bo Bichette","NYM","SS","69","75","76","95","90","99","87.0"
"89","Eugenio Suarez","CIN","3B","84","72","86","102","62","93","87.4"
"90","Nick Pivetta","SD","SP","79","98","89","94","79","63","87.8"
"91","Shohei Ohtani (Pitcher)","LAD","SP","88","","","","","","88.0"
"92","Alex Bregman","CHC","3B","76","81","107","110","75","30","89.8"
"93","Devin Williams","NYM","RP","102","95","93","70","139","90","90.0"
"94","Christian Yelich","MIL","LF,DH","104","88","95","114","76","87","90.0"
"95","Nico Hoerner","CHC","2B","98","92","84","98","87","47","91.8"
"98","Salvador Perez","KC","C,1B,DH","93","108","92","87","115","101","96.2"
"99","Jose Altuve","HOU","2B,LF,DH","97","91","94","109","93","51","96.8"
"101","Blake Snell","LAD","SP","90","122","103","106","168","73","98.8"
"102","Kevin Gausman","TOR","SP","94","107","99","113","89","67","100.4"
"103","Michael Harris II","ATL","CF","95","101","112","97","97","128","100.4"
"104","Michael Busch","CHC","1B","109","96","105","105","95","170","102.0"
"105","Jeremy Pena","HOU","SS","85","97","98","90","162","143","102.6"
"107","Sonny Gray","BOS","SP","99","154","114","129","99","78","103.8"
"108","Spencer Strider","ATL","SP","124","112","106","107","77","79","105.6"
"109","Josh Hader","HOU","RP","114","104","113","84","191","113","105.6"
"111","Tyler Glasnow","LAD","SP","110","105","121","118","107","102","108.4"
"113","Raisel Iglesias","ATL","RP","120","106","131","101","166","106","112.8"
"114","Chase Burns","CIN","SP,RP","118","111","120","111","100","107","113.4"
"115","Kyle Stowers","MIA","LF,CF,RF","111","100","122","119","119","182","114.2"
"116","Willy Adames","SF","SS","103","115","110","115","88","129","114.4"
"117","Trevor Story","BOS","SS","116","110","111","104","146","187","117.4"
"118","Teoscar Hernandez","LAD","LF,RF","101","119","116","120","108","127","118.0"
"119","Brandon Nimmo","TEX","LF,CF","151","136","117","137","98","104","118.4"
"120","Luke Keaschall","MIN","2B","115","102","127","127","102","121","118.4"
"121","Carlos Estevez","KC","RP","122","127","123","99","155","122","118.6"
"122","Brandon Woodruff","MIL","SP","129","113","119","121","117","97","119.8"
"123","Luis Robert Jr.","NYM","CF","143","109","130","112","109","199","120.6"
"124","Jo Adell","LAA","CF,RF","127","124","134","117","113","163","123.0"
"125","Yandy Diaz","TB","1B,DH","126","133","108","123","131","150","124.2"
"126","Cam Schlittler","NYY","SP","123","120","125","134","127","126","124.2"
"128","Nick Lodolo","CIN","SP","130","125","128","131","128","136","128.4"
"129","Trey Yesavage","TOR","SP","105","130","135","154","122","167","129.2"
"130","Zack Wheeler","PHI","SP","136","126","101","139","145","72","129.4"
"131","Ozzie Albies","ATL","2B","113","123","132","150","130","81","129.6"
"132","Taylor Ward","BAL","LF","125","138","124","145","106","116","129.6"
"133","Jakob Marsee","MIA","LF,CF","132","134","129","142","111","160","129.6"
"134","Michael King","SD","SP","135","146","133","135","136","132","134.2"
"135","Nathan Eovaldi","TEX","SP","131","139","115","149","138","91","134.4"
"136","Lawrence Butler","ATH","CF,RF","150","129","139","143","116","209","135.4"
"137","Ryan Pepiot","TB","SP","145","144","140","138","114","96","136.2"
"138","Emmet Sheehan","LAD","SP","146","131","147","133","134","141","137.0"
"139","Jeff Hoffman","TOR","RP","139","128","154","116","185","152","137.8"
"140","Andy Pages","LAD","LF,CF,RF","141","145","146","122","123","138","138.6"
"141","Matt Chapman","SF","3B","133","140","162","153","103","112","140.0"
"142","Luis Castillo","SEA","SP","112","165","152","164","110","92","140.6"
"144","Noelvi Marte","CIN","3B,RF","149","135","145","130","147","198","141.2"
"145","Gavin Williams","CLE","SP","152","141","142","147","112","131","142.6"
"146","Emilio Pagan","CIN","RP","163","142","150","128","210","135","143.6"
"147","Trevor Megill","MIL","RP","166","143","157","136","193","130","146.4"
"148","Ian Happ","CHC","LF","137","164","144","171","104","117","146.6"
"149","MacKenzie Gore","TEX","SP","142","174","148","190","137","133","146.8"
"150","Daniel Palencia","CHC","RP","159","132","138","132","207","181","148.4"
"152","Dansby Swanson","CHC","SS","162","157","163","141","124","195","149.4"
"153","Trevor Rogers","BAL","SP","147","116","143","163","133","162","149.6"
"154","Sandy Alcantara","MIA","SP","158","137","151","148","118","157","150.2"
"155","Adley Rutschman","BAL","C","174","168","155","144","232","111","150.4"
"156","Brandon Lowe","PIT","2B","246","117","169","166","135","165","150.4"
"157","Pete Fairbanks","MIA","RP","167","158","158","124","206","146","150.6"
"158","Ceddanne Rafaela","BOS","2B,CF","160","149","160","125","140","158","153.4"
"160","Drew Rasmussen","TB","SP","197","180","159","152","143","144","155.6"
"161","Kenley Jansen","DET","RP","165","152","167","140","223","173","159.4"
"162","Xavier Edwards","MIA","2B,SS","155","155","192","175","161","175","164.2"
"165","Jackson Holliday","BAL","2B,SS","169","163","173","151","281","169","165.0"
"166","Robbie Ray","SF","SP","154","179","180","159","141","154","165.2"
"167","Chandler Simpson","TB","LF,CF","234","169","153","162","152","205","168.2"
"168","Mike Trout","LAA","CF,RF,DH","164","156","176","179","132","168","168.6"
"169","Tatsuya Imai","HOU","SP","248","166","166","173","153","192","170.0"
"171","Kazuma Okamoto","TOR","1B,3B","170","160","179","236","188","176","174.6"
"173","Tanner Bibee","CLE","SP","161","199","182","186","148","123","175.2"
"174","Ivan Herrera","STL","C,DH","171","161","104","157","323","288","176.2"
"175","Alec Burleson","STL","1B,LF,RF,DH","173","186","161","172","189","145","176.2"
"176","Colson Montgomery","CWS","3B,SS","153","175","141","217","200","252","177.2"
"177","Bryson Stott","PHI","2B,SS","268","208","204","178","149","151","178.0"
"178","Bryan Reynolds","PIT","LF,CF,RF,DH","180","178","183","194","151","159","178.8"
"179","Isaac Paredes","HOU","3B","247","170","217","205","157","148","179.4"
"180","Spencer Torkelson","DET","1B","192","172","174","180","126","185","180.6"
"181","Jonathan Aranda","TB","1B","223","150","181","182","173","263","181.8"
"182","Willson Contreras","BOS","1B","128","188","165","176","165","218","182.4"
"183","Jordan Westburg","BAL","2B,3B","144","200","156","181","340","239","184.0"
"184","Cade Horton","CHC","SP","179","173","187","195","158","194","185.6"
"185","Kris Bubic","KC","SP","325","162","184","213","180","190","185.8"
"186","Munetaka Murakami","CWS","1B,3B","148","194","175","208","142","206","186.2"
"187","Andrew Abbott","CIN","SP","177","201","207","219","179","171","187.0"
"188","Christian Walker","HOU","1B","175","206","186","191","154","179","187.4"
"189","Addison Barger","TOR","3B,LF,RF","200","193","201","187","164","228","189.0"
"191","Carlos Rodon","NYY","SP","195","187","178","203","216","186","189.8"
"192","Edward Cabrera","CHC","SP","294","195","195","192","171","197","190.0"
"193","Konnor Griffin","PIT","SS,CF","201","159","189","193","195","193","194.2"
"194","Dylan Crews","WSH","CF,RF","281","190","194","161","184","259","197.6"
"196","Marcus Semien","NYM","2B","183","192","206","237","174","134","198.4"
"197","Daulton Varsho","TOR","LF,CF","288","181","211","196","172","234","198.8"
"198","Spencer Schwellenbach","ATL","SP","117","239","83","243","396","318","200.0"
"199","Abner Uribe","MIL","RP","240","198","196","170","370","196","200.0"
"200","Sal Stewart","CIN","1B","315","185","203","198","199","215","200.0"
"201","Gleyber Torres","DET","2B","182","232","208","232","160","115","202.8"
"202","Shane Baz","BAL","SP","340","220","219","201","176","200","203.2"
"203","Robert Suarez","ATL","RP","191","263","190","185","263","188","203.4"
"204","Ryan Walker","SF","RP","199","189","216","188","266","227","203.8"
"205","Sal Frelick","MIL","LF,CF,RF","295","229","233","199","187","174","204.4"
"206","Jorge Polanco","NYM","2B,3B,DH","202","183","214","215","182","211","205.0"
"207","Matthew Boyd","CHC","SP","242","171","202","229","183","147","205.4"
"208","Jack Flaherty","DET","SP","172","233","229","223","170","153","205.4"
"209","Jose Caballero","NYY","2B,3B,SS,LF,RF","198","222","193","211","248","203","205.4"
"210","Brendan Donovan","SEA","2B,SS,LF","194","211","237","270","214","180","207.2"
"211","Royce Lewis","MIN","3B","307","184","228","184","192","248","207.2"
"212","Gerrit Cole","NYY","SP","184","203","218","268","276","164","207.4"
"213","Daylen Lile","WSH","LF,RF","349","218","185","204","204","230","208.2"
"214","Zac Gallen","ARI","SP","190","231","234","224","163","120","208.4"
"215","Gabriel Moreno","ARI","C","266","215","210","169","318","202","212.4"
"216","Griffin Jax","TB","RP","259","202","220","209","288","172","212.4"
"217","Brenton Doyle","COL","CF","188","204","199","156","233","240","212.8"
"218","Aaron Nola","PHI","SP","218","223","240","212","169","177","214.0"
"219","Shane Bieber","TOR","SP","176","238","197","218","293","246","215.0"
"220","Shane McClanahan","TB","SP","278","216","191","231","215","223","215.2"
"221","Heliot Ramos","SF","LF,CF,RF","322","247","236","210","159","225","215.4"
"222","Matt McLain","CIN","2B","232","205","213","200","181","236","217.2"
"223","Adolis Garcia","PHI","RF","293","226","238","228","186","233","222.2"
"224","Joe Musgrove","SD","SP","342","219","224","240","209","224","223.2"
"225","Ezequiel Tovar","COL","SS","217","245","250","197","208","297","223.4"
"226","Max Muncy","LAD","3B","193","207","230","239","234","210","224.0"
"227","Wilyer Abreu","BOS","LF,CF,RF","336","221","226","221","205","247","224.0"
"228","Bryan Abreu","HOU","RP","269","224","215","246","308","178","226.4"
"229","JJ Wetherholt","STL","2B,3B,SS","186","197","227","253","245","217","227.8"
"230","Merrill Kelly","ARI","SP","328","251","243","242","197","213","229.2"
"231","Kerry Carpenter","DET","LF,RF,DH","306","210","256","220","238","226","230.0"
"232","Samuel Basallo","BAL","C","257","214","209","165","264","207","230.2"
"233","Trent Grisham","NYY","CF","303","242","222","244","190","253","230.2"
"234","J.T. Realmuto","PHI","C","210","241","239","202","244","220","230.8"
"235","Carter Jensen","KC","C","273","225","200","189","325","274","232.2"
"236","Ramon Laureano","SD","LF,CF,RF","347","209","223","216","194","329","234.2"
"237","Giancarlo Stanton","NYY","LF,RF,DH","221","196","241","250","253","219","236.8"
"239","Caleb Durbin","BOS","2B,3B","264","261","232","234","201","189","238.4"
"240","Luis Arraez","SF","1B,2B,DH","220","236","245","262","241","166","240.8"
"241","Carlos Correa","HOU","3B,SS","250","227","265","259","237","235","241.6"
"242","Alec Bohm","PHI","1B,3B","253","237","254","248","217","214","241.8"
"243","Noah Cameron","KC","SP","335","235","258","264","202","256","243.0"
"244","Austin Wells","NYY","C","231","275","244","225","313","241","243.2"
"245","Otto Lopez","MIA","2B,SS","324","252","257","214","300","201","244.8"
"246","Kyle Manzardo","CLE","1B,DH","346","240","235","233","211","307","245.2"
"247","Jung Hoo Lee","SF","CF","227","317","370","279","225","184","246.4"
"248","Francisco Alvarez","NYM","C","255","213","212","168","284","273","247.4"
"249","Kyle Teel","CWS","C","254","228","205","177","292","258","247.4"
"250","Colton Cowser","BAL","LF,CF,RF","265","271","275","252","198","364","252.2"
"251","Jack Leiter","TEX","SP","338","243","300","249","203","268","252.6"
"252","Xander Bogaerts","SD","SS","316","244","252","226","294","249","253.0"
"253","Quinn Priester","MIL","SP,RP","235","269","264","278","221","372","253.4"
"254","Logan O'Hoppe","LAA","C","251","268","261","235","262","321","255.4"
"255","Dillon Dingler","DET","C","215","281","285","222","343","294","259.4"
"256","Seranthony Dominguez","CWS","RP","276","217","231","307","368","276","261.4"
"257","Kevin McGonigle","DET","SS","311","249","251","276","265","266","261.4"
"258","Ernie Clement","TOR","1B,2B,3B,SS","187","300","276","275","271","155","261.8"
"259","Kodai Senga","NYM","SP","319","265","277","281","247","250","264.0"
"260","Ryne Nelson","ARI","SP,RP","233","259","289","263","226","282","265.2"
"261","Bryce Miller","SEA","SP","348","262","269","247","291","261","266.0"
"262","Connelly Early","BOS","SP","344","253","253","255","228","349","266.6"
"263","Shane Smith","CWS","SP","337","267","303","267","227","278","268.4"
"264","Jake Burger","TEX","1B","292","295","260","261","254","320","272.4"
"265","Luis Garcia","WSH","2B","271","257","298","230","311","191","273.4"
"266","Spencer Steer","CIN","1B,LF","262","256","225","260","305","290","274.6"
"267","Mark Vientos","NYM","3B,DH","277","273","246","296","283","366","275.0"
"268","Colt Keith","DET","1B,2B,3B,DH","261","282","271","293","304","269","275.2"
"269","Ryan O'Hearn","PIT","1B,LF,RF,DH","260","288","282","272","278","208","276.0"
"270","TJ Friedl","CIN","LF,CF","329","301","248","258","196","245","276.2"
"271","Grayson Rodriguez","LAA","SP","308","258","290","285","249","323","278.0"
"272","Ryan Jeffers","MIN","C,DH","305","278","267","254","322","287","278.2"
"273","Tyler Stephenson","CIN","C","245","255","295","245","353","384","278.6"
"274","Logan Henderson","MIL","SP","350","291","247","282","243","334","279.4"
"275","Justin Crawford","PHI","CF","297","246","259","288","307","331","279.4"
"276","Mickey Moniak","COL","LF,CF,RF","","234","255","238","230","441","279.6"
"277","Andrew Vaughn","MIL","1B","351","264","292","277","250","317","280.0"
"278","Jasson Dominguez","NYY","LF,CF","345","272","284","251","274","322","280.6"
"279","Robert Garcia","TEX","RP","330","250","301","289","361","244","282.8"
"280","Clay Holmes","NYM","SP","300","347","266","334","251","267","283.6"
"281","Bailey Ober","MIN","SP","","332","344","292","231","221","284.0"
"282","Chase DeLauter","CLE","CF,RF","270","285","273","295","297","385","284.0"
"283","Marcell Ozuna","PIT","DH","289","316","270","310","218","237","284.4"
"284","Evan Carter","TEX","LF,CF,RF","","266","322","284","219","335","285.2"
"285","Casey Mize","DET","SP","285","248","320","271","222","316","288.0"
"286","Miguel Vargas","CWS","1B,3B","317","303","296","273","229","260","289.8"
"287","Braxton Ashcraft","PIT","SP,RP","283","286","308","287","286","324","290.0"
"288","Will Vest","DET","RP","239","330","306","305","371","271","290.2"
"289","Masyn Winn","STL","SS","304","299","291","269","257","292","291.0"
"290","Joey Cantillo","CLE","SP,RP","326","293","357","280","282","281","292.4"
"291","Ryan Weathers","NYY","SP","327","230","262","283","268","332","294.4"
"292","Jordan Beck","COL","LF,RF","","270","274","227","213","","246.0"
"293","Brady Singer","CIN","SP","310","305","311","309","212","264","299.8"
"294","Chris Bassitt","BAL","SP","296","314","340","355","267","283","300.0"
"295","Zach McKinstry","DET","3B,SS,LF,RF","243","342","","320","314","284","300.6"
"296","Cody Ponce","TOR","SP,RP","314","311","279","300","252","301","301.0"
"297","Victor Scott","STL","CF","286","312","307","319","290","363","302.8"
"298","Yusei Kikuchi","LAA","SP","332","310","299","343","224","242","305.2"
"300","Nick Castellanos","SD","RF","274","381","287","347","272","352","306.4"
"301","Jonathan India","KC","2B,3B,LF,DH","256","","388","356","303","231","306.8"
"302","Brayan Bello","BOS","SP","279","331","334","318","236","272","306.8"
"303","Nolan Schanuel","LAA","1B","298","339","363","311","275","311","306.8"
"304","Ian Seymour","TB","SP,RP","","373","325","327","289","222","307.2"
"305","Seth Lugo","KC","SP","","320","335","350","269","262","307.2"
"306","Tommy Edman","LAD","2B,3B,CF","225","","371","328","332","286","308.4"
"307","Marcelo Mayer","BOS","2B,3B","241","353","242","365","416","343","308.8"
"308","Mike Burrows","HOU","SP,RP","334","309","297","304","301","358","309.0"
"309","Sean Manaea","NYM","SP,RP","229","283","352","291","279","342","309.4"
"310","Andrew Painter","PHI","SP","321","279","294","325","319","289","309.6"
"311","Parker Messick","CLE","SP","320","297","324","302","309","","310.4"
"312","Jameson Taillon","CHC","SP","284","328","348","312","285","389","311.4"
"313","Riley O'Brien","STL","RP","339","260","337","274","394","351","312.2"
"314","Luis Gil","NYY","SP","280","346","281","351","255","305","312.6"
"315","Brett Baty","NYM","2B,3B","228","306","360","265","324","310","313.0"
"316","Carson Kelly","CHC","C","208","374","","313","377","309","316.2"
"317","Josh Smith","TEX","1B,3B,SS,LF,RF","282","322","400","329","349","302","316.8"
"318","Brooks Lee","MIN","2B,3B,SS","267","","329","314","380","296","317.2"
"319","J.P. Crawford","SEA","SS","213","","387","386","306","295","317.4"
"320","Mitch Keller","PIT","SP","312","338","336","345","220","257","317.6"
"321","Carson Benge","NYM","CF","","277","268","346","358","347","319.2"
"322","David Peterson","NYM","SP","291","354","278","359","260","315","319.4"
"323","Edwin Uceta","TB","RP","318","325","283","294","391","","322.2"
"324","Michael Wacha","KC","SP","309","319","362","360","256","265","323.0"
"325","Lenyn Sosa","CWS","1B,2B","","315","249","286","270","","280.0"
"326","Bryce Eldridge","SF","1B,DH","258","280","369","364","350","427","324.2"
"327","Josh Jung","TEX","3B","209","361","","323","351","379","324.6"
"328","Jose Soriano","LAA","SP","341","349","327","326","235","280","324.6"
"329","Jeremiah Estrada","SD","RP","","336","272","374","413","232","325.4"
"330","Jordan Lawlar","ARI","3B","","290","343","321","321","357","326.4"
"331","Nolan Arenado","ARI","3B","203","307","346","383","355","254","329.0"
"332","Matt Shaw","CHC","3B","236","350","342","256","316","391","331.0"
"333","Josh Lowe","LAA","LF,CF,RF","","304","345","266","239","","288.5"
"334","Cedric Mullins II","TB","CF","","324","391","297","277","370","331.8"
"335","Reynaldo Lopez","ATL","SP","323","341","338","352","330","327","331.8"
"336","Jake Cronenworth","SD","1B,2B,SS","290","399","368","401","310","293","332.0"
"337","Kirby Yates","LAA","RP","252","294","302","367","450","","333.0"
"338","Ryan McMahon","NYY","3B","205","397","","402","337","336","335.4"
"339","Andres Gimenez","TOR","2B,SS","207","357","405","299","259","365","337.0"
"340","Jeffrey Springs","ATH","SP","287","403","263","421","312","","337.2"
"341","Dylan Beavers","BAL","LF,RF","","287","349","306","258","","300.0"
"342","Reid Detmers","LAA","RP","204","369","331","337","331","339","341.4"
"343","Will Warren","NYY","SP","313","","358","316","295","429","342.2"
"344","Jeff McNeil","ATH","2B,LF,CF,RF","244","358","379","344","335","299","343.0"
"345","Harrison Bader","SF","LF,CF,RF","","343","372","317","339","350","344.2"
"346","Javier Baez","DET","2B,3B,SS,CF","216","","318","446","444","298","344.4"
"347","Matt Wallner","MIN","LF,RF","","308","330","303","280","","305.3"
"348","Justin Verlander","DET","SP","263","386","414","891","386","304","350.6"
"349","Anthony Volpe","NYY","SS","222","367","355","349","342","341","350.8"
"350","Justin Steele","CHC","SP","331","351","382","378","320","291","352.4"
"351","Zebby Matthews","MIN","SP","","302","378","298","287","","316.3"
"352","Anthony Santander","TOR","LF,RF,DH","333","","221","308","421","","320.8"
"353","Brandon Pfaadt","ARI","SP","301","401","341","388","261","355","357.2"
"354","Tyler Mahle","SF","SP","","298","354","342","326","","330.0"
"355","Hurston Waldrep","ATL","SP","302","","310","330","379","","330.3"
"356","Zach Eflin","BAL","SP","275","385","386","406","374","","365.2"
"357","Paul Goldschmidt","NYY","1B","206","","356","976","447","325","462.0"
"358","Kyle Finnegan","DET","RP","226","","","336","415","368","336.3"
"359","Garrett Whitlock","BOS","RP","230","363","385","430","427","251","371.2"
"360","Chad Patrick","MIL","SP","","360","366","332","298","","339.0"
"361","Carlos Narvaez","BOS","C","","","333","290","378","356","339.3"
"362","Tanner Scott","LAD","RP","","394","351","381","420","312","371.6"
"363","Cam Smith","HOU","RF","","313","","324","296","428","340.3"
"364","Alex Vesia","LAD","RP","211","","376","1270","","275","533.0"
"365","Robby Snelling","MIA","SP","","355","347","331","333","","341.5"
"366","Corbin Burnes","ARI","SP","343","356","397","911","455","333","376.8"
"367","JoJo Romero","STL","RP","","376","384","399","432","300","378.2"
"368","Adrian Morejon","SD","RP","237","371","377","455","451","255","381.8"
"369","Cade Cavalli","WSH","SP","","362","373","354","369","454","382.4"
"370","Dominic Canzone","SEA","LF,RF","","344","364","339","367","","353.5"
"371","Owen Caissie","MIA","CF,RF","","289","390","384","357","","355.0"
"372","Brandon Marsh","PHI","LF,CF","","364","","361","336","360","355.3"
"373","Luke Weaver","NYM","RP","212","345","381","456","456","285","384.6"
"374","Clayton Beeter","WSH","RP","","284","326","368","445","","355.8"
"375","Moises Ballesteros","CHC","C,DH","","292","374","379","381","","356.5"
"376","Matt Strahm","KC","RP","219","","411","1258","476","328","538.4"
"377","Jordan Walker","STL","LF,RF","","382","409","341","354","453","387.8"
"378","Jacob Lopez","ATH","SP","","340","393","372","341","","361.5"
"379","Tyler Rogers","TOR","RP","214","","","1235","","243","564.0"
"380","Tyler O'Neill","BAL","LF,RF","","323","398","387","360","","367.0"
"381","Jose Berrios","TOR","SP","","","350","449","317","354","367.5"
"382","Austin Hays","CWS","LF,DH","","377","339","371","387","","368.5"
"383","Max Meyer","MIA","SP","","327","375","380","393","","368.8"
"384","Bo Naylor","CLE","C","","","383","322","395","376","369.0"
"385","Jonah Tong","NYM","SP","","406","","362","315","416","374.8"
"386","Edgar Quero","CWS","C,DH","","398","380","315","407","","375.0"
"387","Lars Nootbaar","STL","LF,CF,RF","","","392","400","344","371","376.8"
"388","Gavin Sheets","SD","1B,LF,RF,DH","","383","389","375","363","","377.5"
"389","Andrew Benintendi","CWS","LF,DH","","337","","410","398","373","379.5"
"390","Grant Taylor","CWS","RP","","","394","335","372","418","379.8"
"391","Lucas Giolito","","SP","","","323","394","302","","339.7"
"392","Taylor Rogers","MIN","RP","","326","314","409","472","","380.3"
"393","Justin Sterner","ATH","RP","","274","321","429","","","341.3"
"394","Cristian Javier","HOU","SP","","334","","382","328","","348.0"
"395","Dustin May","STL","SP","","378","","431","352","393","388.5"
"396","Grant Holmes","ATL","SP","","368","403","745","408","378","460.4"
"397","Eric Lauer","TOR","SP,RP","249","","312","1239","","","600.0"
"398","Luisangel Acuna","CWS","2B","","","402","412","389","362","391.3"
"399","Jason Adam","SD","RP","","","353","1246","","212","603.7"
"400","Kevin Ginkel","ARI","RP","","276","319","888","496","480","491.8"
"401","Jesus Sanchez","TOR","LF,CF,RF","","384","","340","347","","357.0"
"402","Jake Mangum","PIT","LF,CF,RF","","","315","377","388","","360.0"
"403","Jordan Leasure","CWS","RP","","","280","353","449","","360.7"
"404","Hyeseong Kim","LAD","2B,SS,CF","","348","","818","409","326","475.3"
"405","Spencer Horwitz","PIT","1B","","333","","369","384","","362.0"
"406","Isaac Collins","KC","LF,RF","","388","","363","338","","363.0"
"407","Nick Martinez","TB","SP,RP","","393","","1021","383","319","529.0"
"408","Spencer Arrighetti","HOU","SP","","321","","434","346","","367.0"
"409","Tony Santillan","CIN","RP","","","410","422","469","303","401.0"
"410","Coby Mayo","BAL","1B","","329","","405","405","465","401.0"
"411","Josh Bell","MIN","1B,DH","","","399","358","348","","368.3"
"412","Nolan Gorman","STL","2B,3B,DH","","","","404","390","313","369.0"
"413","Chase Meidroth","CWS","2B,3B,SS","","404","","338","365","","369.0"
"414","Garrett Cleavinger","TB","RP","","366","361","417","464","","402.0"
"415","Zack Littell","WSH","SP","","","365","437","414","399","403.8"
"416","Connor Norby","MIA","3B","","365","","376","375","","372.0"
"417","Matthew Liberatore","STL","SP","","","328","426","364","","372.7"
"418","Mike Yastrzemski","ATL","LF,CF,RF","","","","415","362","344","373.7"
"419","Jared Jones","PIT","SP","","335","","411","376","","374.0"
"420","Triston Casas","BOS","1B","","","309","424","397","","376.7"
"421","Troy Melton","DET","SP,RP","","","317","333","","","325.0"
"422","Victor Robles","SEA","LF,CF,RF","","396","","357","402","","385.0"
"423","Mick Abel","MIN","SP","","392","404","448","425","","417.3"
"424","Hunter Gaddis","CLE","RP","","","401","1245","","277","641.0"
"425","Robert Stephenson","LAA","RP","","","332","385","462","","393.0"
"426","Spencer Jones","NYY","CF","","","304","1060","475","402","560.3"
"427","Luis Severino","ATH","SP","","400","","451","334","","395.0"
"428","Ha-Seong Kim","ATL","2B,SS","","","","348","385","452","395.0"
"429","Patrick Bailey","SF","C","","","","413","441","346","400.0"
"430","Kody Clemens","MIN","1B,2B,LF,RF","","380","","391","431","","400.7"
"431","Brad Keller","PHI","RP","","","412","1071","","308","597.0"
"432","Tyler Holton","DET","SP,RP","224","","","917","","","570.5"
"433","Camilo Doval","NYY","RP","","","","453","467","306","408.7"
"434","Johan Oviedo","BOS","SP","","391","","435","400","","408.7"
"435","Thomas White","MIA","SP","","","359","440","428","","409.0"
"436","Trevor Larnach","MIN","LF,RF,DH","","","","407","327","","367.0"
"437","Lucas Erceg","KC","RP","","359","","932","","377","556.0"
"438","Luis Morales","ATH","SP","","409","","418","410","","412.3"
"439","Harry Ford","WSH","C","","408","","397","437","","414.0"
"440","Simeon Woods Richardson","MIN","SP","","","","366","382","","374.0"
"441","Colt Emerson","SEA","SS","","402","","428","424","","418.0"
"442","Matt Svanson","STL","RP","","296","","459","","","377.5"
"443","Matt Brash","SEA","RP","","","406","915","473","382","544.0"
"444","Walker Jenkins","MIN","CF","","","305","1002","457","","588.0"
"445","Jared Triolo","PIT","1B,2B,3B,SS","","","","403","442","419","421.3"
"446","Jorge Soler","LAA","RF,DH","","","","398","366","","382.0"
"447","Braxton Garrett","MIA","SP","","","408","447","412","","422.3"
"448","Taj Bradley","MIN","SP","","","","408","359","","383.5"
"449","Slade Cecconi","CLE","SP","","","","423","345","","384.0"
"450","Javier Sanoja","MIA","2B,3B,SS,LF,CF","","","","1163","","279","721.0"
"451","Lane Thomas","KC","CF,RF","","410","","445","434","","429.7"
"452","Gabe Speier","SEA","RP","","","395","1194","","394","661.0"
"453","Parker Meadows","DET","CF","","","","420","373","","396.5"
"454","Denzel Clarke","ATH","CF","","407","","438","460","493","449.5"
"455","Max Scherzer","TOR","SP","","","","1125","463","338","642.0"
"456","Brady House","WSH","3B","","","367","925","436","","576.0"
"457","Jake McCarthy","COL","LF,CF,RF","","","396","452","458","","435.3"
"458","Dean Kremer","BAL","SP","","","","450","356","","403.0"
"459","Nasim Nunez","WSH","2B,SS","","","407","419","482","","436.0"
"460","Victor Vodnik","COL","RP","","","","370","440","","405.0"
"461","Mauricio Dubon","ATL","2B,3B,SS,LF,CF","","","","772","","314","543.0"
"462","Shawn Armstrong","CLE","RP","","","316","1252","","","784.0"
"463","Landen Roupp","SF","SP","","","","427","392","","409.5"
"464","Sean Murphy","ATL","C","","","","389","433","","411.0"
"465","Joey Ortiz","MIL","SS","","","","414","411","","412.5"
"466","Enrique Hernandez","LAD","1B,2B,3B,LF","","","","1014","","330","672.0"
"467","Travis Bazzana","CLE","2B","","","","930","430","401","587.0"
"468","Miguel Amaya","CHC","C","","","","433","492","410","445.0"
"469","Kristian Campbell","BOS","2B,CF","","","","436","399","","417.5"
"470","Miguel Rojas","LAD","2B,3B,SS","","","","1265","","337","801.0"
"471","Luis Rengifo","MIL","2B,3B,OF","","","","395","446","","420.5"
"472","Ke'Bryan Hayes","CIN","3B","","","","980","419","424","607.7"
"473","Christian Moore","LAA","2B","","","","443","401","","422.0"
"474","Max Muncy","ATH","2B,3B,SS","","","","1028","","345","686.5"
"475","Freddy Fermin","SD","C","","","","392","474","481","449.0"
"476","Michael McGreevy","STL","SP","","","","1007","406","442","618.3"
"477","Louis Varland","TOR","RP","","","","1185","","348","766.5"
"478","Brooks Baldwin","CWS","2B,3B,SS,LF,CF,RF","","352","","949","","","650.5"
"479","Keibert Ruiz","WSH","C","","","","396","461","","428.5"
"480","Victor Caratini","MIN","C,1B,DH","","","","390","471","","430.5"
"481","Wenceel Perez","DET","CF,RF","","","","444","417","","430.5"
"482","Dalton Rushing","LAD","C","","","","432","465","468","455.0"
"483","Fernando Cruz","NYY","RP","","","","1268","","367","817.5"
"484","Hunter Strickland","LAA","RP","","","","482","","386","434.0"
"485","Bryan King","HOU","RP","","","","970","","369","669.5"
"486","Jonny DeLuca","TB","LF,CF,RF","","370","","1135","","","752.5"
"487","Bennett Sousa","HOU","RP","","372","","741","","","556.5"
"488","Pedro Pages","STL","C","","","","1074","","375","724.5"
"489","Ryan Waldschmidt","ARI","LF,CF,RF","","375","","926","","","650.5"
"490","Miguel Andujar","SD","3B,LF,DH","","379","","821","","","600.0"
"491","Mitch Spence","KC","SP,RP","","","","596","","380","488.0"
"492","Justyn-Henry Malloy","TB","LF,RF,DH","","","","746","","381","563.5"
"493","Ronny Henriquez","MIA","RP","","","","416","466","","441.0"
"494","Jake Meyers","HOU","CF","","","","454","429","","441.5"
"495","Joe Boyle","TB","SP,RP","","","","458","426","","442.0"
"496","Zach Cole","HOU","LF,CF,RF","","387","","1020","","","703.5"
"497","Wade Meckler","LAA","CF","","","","658","","388","523.0"
"498","Tyler Fitzgerald","SF","2B","","389","","978","","","683.5"
"499","Paul DeJong","NYY","2B,3B,SS","","390","","774","","","582.0"
"500","Aidan Miller","PHI","SS","","","","425","468","","446.5"
"501","Rhett Lowder","CIN","SP","","","","975","403","492","623.3"
"502","George Valera","CLE","LF,RF,DH","","395","","1240","","","817.5"
"503","Clayton Kershaw","","SP","","","","505","","395","450.0"
"504","Rhys Hoskins","CLE","1B","","","","900","","396","648.0"
"505","Max Clark","DET","CF","","","","1197","","397","797.0"
"506","Wander Franco","TB","SS","","","","547","","398","472.5"
"507","Carson Williams","TB","SS","","","","460","439","","449.5"
"508","Liam Hicks","MIA","C,1B,DH","","","","1032","","400","716.0"
"509","Eduardo Rodriguez","ARI","SP","","","","1103","404","","753.5"
"510","Jesus Made","MIL","2B,3B,SS","","","","1063","","404","733.5"
"511","Jorge Mateo","ATL","2B,SS,CF","","405","","1069","","","737.0"
"512","Jose Alvarado","PHI","RP","","","","1272","","406","839.0"
"513","Masataka Yoshida","BOS","LF,DH","","","","1165","","407","786.0"
"514","Jose Leclerc","","RP","","","","508","","408","458.0"
"515","Davis Schneider","TOR","2B,LF","","","","1195","","409","802.0"
"516","Chad Green","","RP","","","","578","","411","494.5"
"517","Andrew Kittredge","BAL","RP","","","413","920","","","666.5"
"518","Oswaldo Cabrera","NYY","3B","","","","702","","414","558.0"
"519","Alek Thomas","ARI","CF","","","","1193","","415","804.0"
"520","Carlos Santana","ARI","1B","","","","1054","","417","735.5"
"521","Tyler Wells","BAL","SP","","","","850","418","","634.0"
"522","Romy Gonzalez","BOS","1B,2B","","","","441","478","","459.5"
"523","Cionel Perez","WSH","RP","","","","654","","421","537.5"
"524","Adrian Houser","SF","SP","","","","959","423","","691.0"
"525","Johan Rojas","PHI","CF","","","","728","","423","575.5"
"526","Cole Young","SEA","2B","","","","1105","481","443","676.3"
"527","Danny Jansen","TEX","C","","","","439","486","","462.5"
"528","Rob Refsnyder","SEA","LF,CF,RF,DH","","","","1055","","425","740.0"
"529","Ben Brown","CHC","SP,RP","","","","1097","","426","761.5"
"530","LaMonte Wade Jr.","CWS","1B,RF","","","","762","","431","596.5"
"531","Lourdes Gurriel Jr.","ARI","LF","","","","871","435","","653.0"
"532","Jhonkensy Noel","BAL","1B,RF","","","","778","","437","607.5"
"533","Gavin Lux","TB","2B,3B,LF,DH","","","","1035","438","","736.5"
"534","MJ Melendez","NYM","LF","","","","874","","438","656.0"
"535","Evan Phillips","LAD","RP","","","","703","","440","571.5"
"536","Sean Burke","CWS","SP,RP","","","","1029","443","","736.0"
"537","Nick Sogard","BOS","1B,2B","","","","690","","444","567.0"
"538","Ryan Clifford","NYM","1B,OF","","","","1046","","445","745.5"
"539","Jesus Rodriguez","SF","C","","","","1049","","446","747.5"
"540","Sung-Mun Song","SD","2B,3B","","","","1043","448","","745.5"
"541","Leo De Vries","ATH","SS","","","","1104","","449","776.5"
"542","Endy Rodriguez","PIT","C,1B","","","","1003","","450","726.5"
"543","Brooks Raley","NYM","RP","","","","776","","451","613.5"
"544","Brandon Sproat","MIL","SP","","","","846","452","","649.0"
"545","Zack Gelof","ATH","2B","","","","1138","453","","795.5"
"546","JP Sears","SD","SP","","","","1199","454","","826.5"
"547","Abraham Toro","KC","1B,2B,3B","","","","573","","458","515.5"
"548","Foster Griffin","WSH","RP","","","","1100","459","","779.5"
"549","Max Schuemann","NYY","2B,3B,SS,OF","","","","868","","460","664.0"
"550","Heston Kjerstad","BAL","LF,RF","","","","1122","","462","792.0"
"551","Nolan Jones","CLE","LF,CF,RF","","","","1166","","464","815.0"
"552","Cooper Ingle","CLE","C","","","","1139","","466","802.5"
"553","James McCann","ARI","C","","","","1162","","467","814.5"
"554","Nathan Lukes","TOR","LF,CF,RF","","","","1149","470","","809.5"
"555","Jose Siri","LAA","CF","","","","779","","470","624.5"
"556","Bryan De La Cruz","PHI","LF","","","","613","","472","542.5"
"557","Ryan Ward","LAD","1B,LF,RF","","","","1045","","473","759.0"
"558","Nelson Rada","LAA","CF","","","","1189","","476","832.5"
"559","Christopher Morel","MIA","LF","","","","1158","477","","817.5"
"560","Jerar Encarnacion","SF","RF","","","","1094","","477","785.5"
"561","Kyle Isbel","KC","CF","","","","1130","","478","804.0"
"562","Alexis Diaz","TEX","RP","","","","1076","","479","777.5"
"563","Colin Rea","CHC","SP,RP","","","","1119","480","","799.5"
"564","Ramon Urias","STL","2B,3B","","","","1131","","482","806.5"
"565","Jose A. Ferrer","SEA","RP","","","","843","483","","663.0"
"566","Carlos Rodriguez","MIL","RP","","","","538","","486","512.0"
"567","Nathaniel Lowe","CIN","1B","","","","1114","487","","800.5"
"568","Drew Gilbert","SF","CF,RF","","","","1085","","487","786.0"
"569","Jake Rogers","DET","C","","","","955","","489","722.0"
"570","Gregory Soto","PIT","RP","","","","1218","","490","854.0"
"571","Joey Bart","PIT","C","","","","960","","491","725.5"
"572","Caleb Bonemer","CWS","3B,SS","","","","608","493","","550.5"
"573","Kyle Freeland","COL","SP","","","","974","","494","734.0"
"574","Edmundo Sosa","PHI","2B,3B,SS","","","","1253","","496","874.5"
"575","Andrew McCutchen","TEX","RF,DH","","","","865","","497","681.0"
"576","Felix Bautista","BAL","RP","","","","849","","499","674.0"
"577","Alfredo Duno","CIN","C","","","","615","499","","557.0"
"578","Otto Kemp","PHI","1B,3B,LF","","","","1175","","500","837.5"
""
""